<scheme name="Gerry Oceanic" version="142" parent_scheme="Darcula">
    <metaInfo>
        <property name="created">2022-05-05T09:35:05</property>
        <property name="ide">idea</property>
        <property name="ideVersion">2021.1.3.0.0</property>
        <property name="modified">2022-05-05T09:35:09</property>
        <property name="originalScheme">_@user_Gerry Purple</property>
    </metaInfo>
    <colors>
        <option name="ADDED_LINES_COLOR" value="96be78"/>
        <option name="ANNOTATIONS_COLOR" value="aab4c8"/>
        <option name="CARET_COLOR" value="55a5ff"/>
        <option name="CARET_ROW_COLOR" value="283234"/>
        <option name="CONSOLE_BACKGROUND_KEY" value=""/>
        <option name="DELETED_LINES_COLOR" value="ff9696"/>
        <option name="DIAGRAM_ANNOTATION_EDGE" value="ffc86e"/>
        <option name="DIAGRAM_DEFAULT_EDGE" value="aab4c8"/>
        <option name="DIAGRAM_GENERALIZATION_EDGE" value="61afe1"/>
        <option name="DIAGRAM_INNER_EDGE" value="ff9696"/>
        <option name="DIAGRAM_NODE_BACKGROUND" value="30404f"/>
        <option name="DIAGRAM_NODE_HEADER" value="3b3b3b"/>
        <option name="DIAGRAM_NOTE_BACKGROUND" value="3b3b3b"/>
        <option name="DIAGRAM_NOTE_BORDER" value="808080"/>
        <option name="DIAGRAM_REALIZATION_EDGE" value="96be78"/>
        <option name="DIFF_SEPARATORS_BACKGROUND" value="1e2a30"/>
        <option name="DOCUMENTATION_COLOR" value="1a2426"/>
        <option name="ERROR_HINT" value="961e3c"/>
        <option name="FILESTATUS_ADDED" value="c3e887"/>
        <option name="FILESTATUS_COPIED" value="c3e88d"/>
        <option name="FILESTATUS_DELETED" value="f77669"/>
        <option name="FILESTATUS_HIJACKED" value="ffcb6b"/>
        <option name="FILESTATUS_IDEA_FILESTATUS_DELETED_FROM_FILE_SYSTEM" value="808080"/>
        <option name="FILESTATUS_IDEA_FILESTATUS_IGNORED" value="ab7967"/>
        <option name="FILESTATUS_IDEA_FILESTATUS_MERGED_WITH_BOTH_CONFLICTS" value="fc9867"/>
        <option name="FILESTATUS_IDEA_FILESTATUS_MERGED_WITH_CONFLICTS" value="fc9867"/>
        <option name="FILESTATUS_IDEA_FILESTATUS_MERGED_WITH_PROPERTY_CONFLICTS" value="fc9867"/>
        <option name="FILESTATUS_IDEA_SVN_FILESTATUS_EXTERNAL" value="72a038"/>
        <option name="FILESTATUS_IDEA_SVN_FILESTATUS_OBSTRUCTED" value="727238"/>
        <option name="FILESTATUS_IDEA_SVN_REPLACED" value="c3e887"/>
        <option name="FILESTATUS_MERGED" value="c792ea"/>
        <option name="FILESTATUS_MODIFIED" value="80cbc4"/>
        <option name="FILESTATUS_NOT_CHANGED_IMMEDIATE" value="80cbc4"/>
        <option name="FILESTATUS_NOT_CHANGED_RECURSIVE" value="80cbc4"/>
        <option name="FILESTATUS_OBSOLETE" value="ffcb6b"/>
        <option name="FILESTATUS_SWITCHED" value="f77669"/>
        <option name="FILESTATUS_UNKNOWN" value="f77669"/>
        <option name="FILESTATUS_addedOutside" value="ffcb6b"/>
        <option name="FILESTATUS_changelistConflict" value="fc9867"/>
        <option name="FILESTATUS_modifiedOutside" value="c792ea"/>
        <option name="FOLDED_TEXT_BORDER_COLOR" value=""/>
        <option name="GUTTER_BACKGROUND" value="1a2426"/>
        <option name="INDENT_GUIDE" value="393b40"/>
        <option name="INFORMATION_HINT" value="1a2426"/>
        <option name="LINE_NUMBERS_COLOR" value="555555"/>
        <option name="LINE_NUMBER_ON_CARET_ROW_COLOR" value="999999"/>
        <option name="LOOKUP_COLOR" value="1a2426"/>
        <option name="METHOD_SEPARATORS_COLOR" value="30404f"/>
        <option name="MODIFIED_LINES_COLOR" value="ffc86e"/>
        <option name="MT_FILESTATUS_NOT_CHANGED" value="afb9c3"/>
        <option name="MT_FILESTATUS_SUPPRESSED" value="afb9c3"/>
        <option name="QUESTION_HINT" value="333a42"/>
        <option name="RECENT_LOCATIONS_SELECTION" value="1a2426"/>
        <option name="RIGHT_MARGIN_COLOR" value="636669"/>
        <option name="SELECTED_INDENT_GUIDE" value="636669"/>
        <option name="SELECTED_TEARLINE_COLOR" value="636669"/>
        <option name="SELECTION_BACKGROUND" value="173d59"/>
        <option name="SELECTION_FOREGROUND"/>
        <option name="SEPARATOR_BELOW_COLOR" value=""/>
        <option name="TABS" value="afb9c3"/>
        <option name="TEARLINE_COLOR" value="373c41"/>
        <option name="VCS_ANNOTATIONS_COLOR_1" value="2f5194"/>
        <option name="VCS_ANNOTATIONS_COLOR_2" value="2d416b"/>
        <option name="VCS_ANNOTATIONS_COLOR_3" value="283754"/>
        <option name="VCS_ANNOTATIONS_COLOR_4" value="242d42"/>
        <option name="VCS_ANNOTATIONS_COLOR_5" value="22252e"/>
        <option name="VISUAL_INDENT_GUIDE" value="30404f"/>
        <option name="WHITESPACES" value="4b575f"/>
        <option name="WHITESPACES_MODIFIED_LINES_COLOR" value="808080"/>
    </colors>
    <attributes>
        <option name="ANNOTATION_ATTRIBUTE_NAME_ATTRIBUTES">
            <value>
                <option name="FOREGROUND" value="ffc86e"/>
            </value>
        </option>
        <option name="ANNOTATION_NAME_ATTRIBUTES" baseAttributes="DEFAULT_METADATA"/>
        <option name="APACHE_CONFIG.IDENTIFIER">
            <value>
                <option name="FOREGROUND" value="c88cdc"/>
            </value>
        </option>
        <option name="BAD_CHARACTER">
            <value>
                <option name="BACKGROUND" value="a03c3c"/>
            </value>
        </option>
        <option name="BASH.BINARY_DATA">
            <value/>
        </option>
        <option name="BASH.CONDITIONAL">
            <value/>
        </option>
        <option name="BASH.EXTERNAL_COMMAND">
            <value>
                <option name="FOREGROUND" value="ffc86e"/>
            </value>
        </option>
        <option name="BASH.FUNCTION_CALL" baseAttributes="DEFAULT_FUNCTION_CALL"/>
        <option name="BASH.HERE_DOC" baseAttributes="DEFAULT_TEMPLATE_LANGUAGE_COLOR"/>
        <option name="BASH.HERE_DOC_END" baseAttributes="DEFAULT_KEYWORD"/>
        <option name="BASH.HERE_DOC_START" baseAttributes="DEFAULT_KEYWORD"/>
        <option name="BASH.REDIRECTION" baseAttributes="DEFAULT_OPERATION_SIGN"/>
        <option name="BASH.SHEBANG">
            <value>
                <option name="FOREGROUND" value="808080"/>
                <option name="FONT_TYPE" value="1"/>
            </value>
        </option>
        <option name="BASH.SUBSHELL_COMMAND">
            <value/>
        </option>
        <option name="BASH.VAR_DEF">
            <value/>
        </option>
        <option name="BASH.VAR_USE">
            <value>
                <option name="FOREGROUND" value="61afe1"/>
            </value>
        </option>
        <option name="BLADE_DIRECTIVE">
            <value>
                <option name="FOREGROUND" value="c88cdc"/>
            </value>
        </option>
        <option name="BOOKMARKS_ATTRIBUTES">
            <value/>
        </option>
        <option name="BREADCRUMBS_CURRENT">
            <value>
                <option name="FOREGROUND" value="afb9c3"/>
                <option name="BACKGROUND" value="323f4f"/>
            </value>
        </option>
        <option name="BREADCRUMBS_DEFAULT">
            <value>
                <option name="FOREGROUND" value="afb9c3"/>
            </value>
        </option>
        <option name="BREADCRUMBS_HOVERED">
            <value>
                <option name="FOREGROUND" value="afb9c3"/>
                <option name="BACKGROUND" value="444b5a"/>
            </value>
        </option>
        <option name="BREADCRUMBS_INACTIVE">
            <value>
                <option name="FOREGROUND" value="afb9c3"/>
            </value>
        </option>
        <option name="BREAKPOINT_ATTRIBUTES">
            <value>
                <option name="BACKGROUND" value="743d3d"/>
            </value>
        </option>
        <option name="BUILDOUT.KEY">
            <value>
                <option name="FOREGROUND" value="c88cdc"/>
            </value>
        </option>
        <option name="CLASS_REFERENCE">
            <value>
                <option name="FOREGROUND" value="ffc86e"/>
            </value>
        </option>
        <option name="COFFEESCRIPT.BOOLEAN">
            <value>
                <option name="FOREGROUND" value="ffc86e"/>
            </value>
        </option>
        <option name="COFFEESCRIPT.CLASS_NAME">
            <value>
                <option name="FOREGROUND" value="ffc86e"/>
            </value>
        </option>
        <option name="COFFEESCRIPT.EXPRESSIONS_SUBSTITUTION_MARK">
            <value>
                <option name="FOREGROUND" value="ff9696"/>
            </value>
        </option>
        <option name="COFFEESCRIPT.FUNCTION">
            <value>
                <option name="FOREGROUND" value="c88cdc"/>
            </value>
        </option>
        <option name="COFFEESCRIPT.FUNCTION_BINDING">
            <value>
                <option name="FOREGROUND" value="c88cdc"/>
            </value>
        </option>
        <option name="COFFEESCRIPT.GLOBAL_VARIABLE" baseAttributes="JS.GLOBAL_VARIABLE"/>
        <option name="COFFEESCRIPT.HEREGEX_CONTENT">
            <value>
                <option name="FOREGROUND" value="ffc86e"/>
            </value>
        </option>
        <option name="COFFEESCRIPT.HEREGEX_ID">
            <value>
                <option name="FOREGROUND" value="50b4be"/>
            </value>
        </option>
        <option name="COFFEESCRIPT.REGULAR_EXPRESSION_CONTENT">
            <value>
                <option name="FOREGROUND" value="ffc86e"/>
            </value>
        </option>
        <option name="COFFEESCRIPT.REGULAR_EXPRESSION_FLAG">
            <value>
                <option name="FOREGROUND" value="50b4be"/>
            </value>
        </option>
        <option name="COFFEESCRIPT.REGULAR_EXPRESSION_ID">
            <value>
                <option name="FOREGROUND" value="50b4be"/>
            </value>
        </option>
        <option name="COFFEESCRIPT.STRING">
            <value>
                <option name="FOREGROUND" value="96be78"/>
            </value>
        </option>
        <option name="CONDITIONALLY_NOT_COMPILED">
            <value>
                <option name="FOREGROUND" value="606570"/>
            </value>
        </option>
        <option name="CONSTRUCTOR_CALL_ATTRIBUTES">
            <value>
                <option name="FOREGROUND" value="ffc86e"/>
            </value>
        </option>
        <option name="CSS.COLOR">
            <value>
                <option name="FOREGROUND" value="50b4be"/>
            </value>
        </option>
        <option name="CSS.FUNCTION">
            <value>
                <option name="FOREGROUND" value="61afe1"/>
            </value>
        </option>
        <option name="CSS.HASH">
            <value>
                <option name="FOREGROUND" value="61afe1"/>
            </value>
        </option>
        <option name="CSS.IMPORTANT" baseAttributes="DEFAULT_KEYWORD"/>
        <option name="CSS.PROPERTY_VALUE">
            <value/>
        </option>
        <option name="CSS.PSEUDO">
            <value>
                <option name="FOREGROUND" value="50b4be"/>
            </value>
        </option>
        <option name="CSS.URL" baseAttributes="HTML_ATTRIBUTE_VALUE"/>
        <option name="CTRL_CLICKABLE">
            <value>
                <option name="FOREGROUND" value="61afe1"/>
                <option name="EFFECT_COLOR" value="61afe1"/>
                <option name="EFFECT_TYPE" value="1"/>
            </value>
        </option>
        <option name="CUSTOM_KEYWORD1_ATTRIBUTES" baseAttributes="DEFAULT_KEYWORD"/>
        <option name="CUSTOM_KEYWORD2_ATTRIBUTES">
            <value>
                <option name="FOREGROUND" value="ffc86e"/>
            </value>
        </option>
        <option name="CUSTOM_KEYWORD3_ATTRIBUTES">
            <value>
                <option name="FOREGROUND" value="ffc86e"/>
            </value>
        </option>
        <option name="CUSTOM_KEYWORD4_ATTRIBUTES">
            <value>
                <option name="FOREGROUND" value="ffc86e"/>
            </value>
        </option>
        <option name="CUSTOM_STRING_ATTRIBUTES" baseAttributes="DEFAULT_STRING"/>
        <option name="CUSTOM_VALID_STRING_ESCAPE_ATTRIBUTES" baseAttributes="DEFAULT_VALID_STRING_ESCAPE"/>
        <option name="Class" baseAttributes=""/>
        <option name="DART_ENUM_CONSTANT">
            <value>
                <option name="FOREGROUND" value="ffc86e"/>
            </value>
        </option>
        <option name="DART_INSTANCE_GETTER_DECLARATION">
            <value>
                <option name="FOREGROUND" value="61afe1"/>
            </value>
        </option>
        <option name="DART_INSTANCE_SETTER_DECLARATION">
            <value>
                <option name="FOREGROUND" value="61afe1"/>
            </value>
        </option>
        <option name="DART_LOCAL_FUNCTION_DECLARATION">
            <value>
                <option name="FOREGROUND" value="61afe1"/>
            </value>
        </option>
        <option name="DART_LOCAL_FUNCTION_REFERENCE">
            <value>
                <option name="FOREGROUND" value="61afe1"/>
            </value>
        </option>
        <option name="DART_STATIC_GETTER_DECLARATION">
            <value>
                <option name="FOREGROUND" value="61afe1"/>
            </value>
        </option>
        <option name="DART_STATIC_SETTER_DECLARATION">
            <value>
                <option name="FOREGROUND" value="61afe1"/>
            </value>
        </option>
        <option name="DEBUGGER_INLINED_VALUES">
            <value>
                <option name="FOREGROUND" value="808080"/>
                <option name="FONT_TYPE" value="2"/>
            </value>
        </option>
        <option name="DEBUGGER_INLINED_VALUES_EXECUTION_LINE">
            <value>
                <option name="FOREGROUND" value="808080"/>
                <option name="FONT_TYPE" value="2"/>
            </value>
        </option>
        <option name="DEBUGGER_INLINED_VALUES_MODIFIED">
            <value>
                <option name="FOREGROUND" value="e88c00"/>
                <option name="FONT_TYPE" value="2"/>
            </value>
        </option>
        <option name="DEFAULT_ATTRIBUTE">
            <value>
                <option name="FOREGROUND" value="ffc86e"/>
            </value>
        </option>
        <option name="DEFAULT_BLOCK_COMMENT">
            <value>
                <option name="FOREGROUND" value="808080"/>
            </value>
        </option>
        <option name="DEFAULT_CLASS_REFERENCE">
            <value>
                <option name="FOREGROUND" value="ffc86e"/>
            </value>
        </option>
        <option name="DEFAULT_COMMA">
            <value/>
        </option>
        <option name="DEFAULT_CONSTANT">
            <value>
                <option name="FOREGROUND" value="96be78"/>
            </value>
        </option>
        <option name="DEFAULT_DOC_COMMENT">
            <value>
                <option name="FOREGROUND" value="808080"/>
            </value>
        </option>
        <option name="DEFAULT_DOC_COMMENT_TAG">
            <value>
                <option name="FOREGROUND" value="c88cdc"/>
            </value>
        </option>
        <option name="DEFAULT_DOC_COMMENT_TAG_VALUE">
            <value>
                <option name="FOREGROUND" value="61afe1"/>
            </value>
        </option>
        <option name="DEFAULT_DOC_MARKUP">
            <value/>
        </option>
        <option name="DEFAULT_ENTITY">
            <value>
                <option name="FOREGROUND" value="ff9696"/>
            </value>
        </option>
        <option name="DEFAULT_FUNCTION_CALL">
            <value>
                <option name="FOREGROUND" value="ffc86e"/>
            </value>
        </option>
        <option name="DEFAULT_FUNCTION_DECLARATION">
            <value>
                <option name="FOREGROUND" value="ffc86e"/>
            </value>
        </option>
        <option name="DEFAULT_IDENTIFIER">
            <value/>
        </option>
        <option name="DEFAULT_INSTANCE_FIELD">
            <value>
                <option name="FOREGROUND" value="ff9696"/>
            </value>
        </option>
        <option name="DEFAULT_INTERFACE_NAME">
            <value>
                <option name="FOREGROUND" value="ffc86e"/>
            </value>
        </option>
        <option name="DEFAULT_INVALID_STRING_ESCAPE">
            <value>
                <option name="FOREGROUND" value="50b4be"/>
                <option name="EFFECT_COLOR" value="dd3962"/>
                <option name="EFFECT_TYPE" value="2"/>
            </value>
        </option>
        <option name="DEFAULT_KEYWORD">
            <value>
                <option name="FOREGROUND" value="c88cdc"/>
            </value>
        </option>
        <option name="DEFAULT_LABEL">
            <value>
                <option name="FONT_TYPE" value="1"/>
            </value>
        </option>
        <option name="DEFAULT_LINE_COMMENT">
            <value>
                <option name="FOREGROUND" value="808080"/>
            </value>
        </option>
        <option name="DEFAULT_LOCAL_VARIABLE">
            <value/>
        </option>
        <option name="DEFAULT_METADATA">
            <value>
                <option name="FOREGROUND" value="ffc86e"/>
            </value>
        </option>
        <option name="DEFAULT_NUMBER">
            <value>
                <option name="FOREGROUND" value="96be78"/>
            </value>
        </option>
        <option name="DEFAULT_PARAMETER">
            <value>
                <option name="FOREGROUND" value="61afe1"/>
            </value>
        </option>
        <option name="DEFAULT_REASSIGNED_LOCAL_VARIABLE" baseAttributes="DEFAULT_LOCAL_VARIABLE"/>
        <option name="DEFAULT_REASSIGNED_PARAMETER" baseAttributes="DEFAULT_PARAMETER"/>
        <option name="DEFAULT_SEMICOLON">
            <value/>
        </option>
        <option name="DEFAULT_STATIC_FIELD">
            <value>
                <option name="FOREGROUND" value="ff9696"/>
            </value>
        </option>
        <option name="DEFAULT_STATIC_METHOD" baseAttributes="DEFAULT_FUNCTION_DECLARATION"/>
        <option name="DEFAULT_STRING">
            <value>
                <option name="FOREGROUND" value="96be78"/>
            </value>
        </option>
        <option name="DEFAULT_TAG">
            <value/>
        </option>
        <option name="DEFAULT_TEMPLATE_LANGUAGE_COLOR">
            <value/>
        </option>
        <option name="DEFAULT_VALID_STRING_ESCAPE">
            <value>
                <option name="FOREGROUND" value="50b4be"/>
            </value>
        </option>
        <option name="DELETED_TEXT_ATTRIBUTES">
            <value>
                <option name="BACKGROUND" value="652020"/>
            </value>
        </option>
        <option name="DEPRECATED_ATTRIBUTES">
            <value>
                <option name="EFFECT_COLOR" value="afb9c3"/>
                <option name="EFFECT_TYPE" value="3"/>
            </value>
        </option>
        <option name="DIFF_CONFLICT">
            <value>
                <option name="BACKGROUND" value="913f3f"/>
                <option name="ERROR_STRIPE_COLOR" value="ff9696"/>
            </value>
        </option>
        <option name="DIFF_DELETED">
            <value>
                <option name="BACKGROUND" value="46505f"/>
                <option name="ERROR_STRIPE_COLOR" value="6c6c6c"/>
            </value>
        </option>
        <option name="DIFF_INSERTED">
            <value>
                <option name="BACKGROUND" value="294436"/>
                <option name="ERROR_STRIPE_COLOR" value="96be78"/>
            </value>
        </option>
        <option name="DIFF_MODIFIED">
            <value>
                <option name="BACKGROUND" value="205562"/>
                <option name="ERROR_STRIPE_COLOR" value="61afe1"/>
            </value>
        </option>
        <option name="DJANGO_FILTER">
            <value>
                <option name="FOREGROUND" value="50b4be"/>
            </value>
        </option>
        <option name="DJANGO_TAG_NAME">
            <value>
                <option name="FOREGROUND" value="c88cdc"/>
            </value>
        </option>
        <option name="DUPLICATE_FROM_SERVER">
            <value/>
        </option>
        <option name="EDITORCONFIG_VARIABLE">
            <value>
                <option name="FOREGROUND" value="ff9696"/>
            </value>
        </option>
        <option name="EL.BOUNDS">
            <value>
                <option name="FOREGROUND" value="c88cdc"/>
            </value>
        </option>
        <option name="ENUM_CONST">
            <value>
                <option name="FOREGROUND" value="96be78"/>
            </value>
        </option>
        <option name="ERRORS_ATTRIBUTES">
            <value>
                <option name="EFFECT_COLOR" value="dd3962"/>
                <option name="ERROR_STRIPE_COLOR" value="dd3962"/>
                <option name="EFFECT_TYPE" value="2"/>
            </value>
        </option>
        <option name="EVALUATED_EXPRESSION_ATTRIBUTES">
            <value/>
        </option>
        <option name="EVALUATED_EXPRESSION_EXECUTION_LINE_ATTRIBUTES">
            <value/>
        </option>
        <option name="EXECUTIONPOINT_ATTRIBUTES">
            <value>
                <option name="FOREGROUND" value="0"/>
                <option name="BACKGROUND" value="788cb4"/>
            </value>
        </option>
        <option name="FIRST SYMBOL IN LIST">
            <value>
                <option name="FOREGROUND" value="dd6677"/>
                <option name="FONT_TYPE" value="1"/>
            </value>
        </option>
        <option name="FOLDED_TEXT_ATTRIBUTES">
            <value>
                <option name="FOREGROUND" value="808080"/>
                <option name="BACKGROUND" value="353535"/>
                <option name="EFFECT_TYPE" value="2"/>
            </value>
        </option>
        <option name="FOLLOWED_HYPERLINK_ATTRIBUTES">
            <value>
                <option name="FOREGROUND" value="61afe1"/>
                <option name="EFFECT_COLOR" value="61afe1"/>
                <option name="EFFECT_TYPE" value="1"/>
            </value>
        </option>
        <option name="GENERIC_SERVER_ERROR_OR_WARNING">
            <value>
                <option name="EFFECT_COLOR" value="e88c00"/>
                <option name="ERROR_STRIPE_COLOR" value="e88c00"/>
                <option name="EFFECT_TYPE" value="2"/>
            </value>
        </option>
        <option name="GHERKIN_REGEXP_PARAMETER" baseAttributes="DEFAULT_PARAMETER"/>
        <option name="GHERKIN_TABLE_PIPE">
            <value/>
        </option>
        <option name="GO_BLOCK_COMMENT">
            <value>
                <option name="FOREGROUND" value="808080"/>
            </value>
        </option>
        <option name="GO_BUILTIN_TYPE">
            <value>
                <option name="FOREGROUND" value="c88cdc"/>
            </value>
        </option>
        <option name="GO_BUILTIN_TYPE_REFERENCE">
            <value>
                <option name="FOREGROUND" value="c88cdc"/>
            </value>
        </option>
        <option name="GO_BUILTIN_VARIABLE">
            <value>
                <option name="FOREGROUND" value="ffc86e"/>
            </value>
        </option>
        <option name="GQL_ID">
            <value/>
        </option>
        <option name="HAML_CLASS">
            <value>
                <option name="FOREGROUND" value="ffc86e"/>
            </value>
        </option>
        <option name="HAML_COMMENT" baseAttributes=""/>
        <option name="HAML_FILTER" baseAttributes=""/>
        <option name="HAML_FILTER_CONTENT" baseAttributes=""/>
        <option name="HAML_ID">
            <value>
                <option name="FOREGROUND" value="61afe1"/>
            </value>
        </option>
        <option name="HAML_RUBY_CODE" baseAttributes=""/>
        <option name="HAML_STRING_INTERPOLATED">
            <value>
                <option name="FOREGROUND" value="96be78"/>
            </value>
        </option>
        <option name="HAML_TAG">
            <value>
                <option name="FOREGROUND" value="ffc86e"/>
            </value>
        </option>
        <option name="HAML_TAG_NAME">
            <value>
                <option name="FOREGROUND" value="ff9696"/>
            </value>
        </option>
        <option name="HAML_TEXT" baseAttributes=""/>
        <option name="HAML_XHTML" baseAttributes=""/>
        <option name="HTML_ATTRIBUTE_NAME" baseAttributes="DEFAULT_ATTRIBUTE"/>
        <option name="HTML_ATTRIBUTE_VALUE" baseAttributes="DEFAULT_STRING"/>
        <option name="HTML_ENTITY_REFERENCE" baseAttributes="DEFAULT_ENTITY"/>
        <option name="HTML_TAG" baseAttributes="DEFAULT_TAG"/>
        <option name="HTML_TAG_NAME">
            <value>
                <option name="FOREGROUND" value="ff9696"/>
            </value>
        </option>
        <option name="HYPERLINK_ATTRIBUTES">
            <value>
                <option name="FOREGROUND" value="61afe1"/>
                <option name="EFFECT_COLOR" value="61afe1"/>
                <option name="EFFECT_TYPE" value="1"/>
            </value>
        </option>
        <option name="IDENTIFIER_UNDER_CARET_ATTRIBUTES">
            <value>
                <option name="BACKGROUND" value="373c41"/>
            </value>
        </option>
        <option name="IMPLICIT_ANONYMOUS_CLASS_PARAMETER_ATTRIBUTES">
            <value/>
        </option>
        <option name="INACTIVE_HYPERLINK_ATTRIBUTES">
            <value>
                <option name="EFFECT_COLOR" value="afb9c3"/>
                <option name="EFFECT_TYPE" value="1"/>
            </value>
        </option>
        <option name="INFO_ATTRIBUTES">
            <value>
                <option name="EFFECT_COLOR" value="ffc86e"/>
                <option name="ERROR_STRIPE_COLOR" value="ffc86e"/>
                <option name="EFFECT_TYPE" value="2"/>
            </value>
        </option>
        <option name="INI.SECTION">
            <value>
                <option name="FOREGROUND" value="c88cdc"/>
            </value>
        </option>
        <option name="INJECTED_LANGUAGE_FRAGMENT">
            <value/>
        </option>
        <option name="INLINE_PARAMETER_HINT">
            <value>
                <option name="FOREGROUND" value="afb9c3"/>
                <option name="BACKGROUND" value="3b3b3b"/>
            </value>
        </option>
        <option name="INLINE_PARAMETER_HINT_CURRENT">
            <value>
                <option name="FOREGROUND" value="afb9c3"/>
                <option name="BACKGROUND" value="48668c"/>
            </value>
        </option>
        <option name="INLINE_PARAMETER_HINT_HIGHLIGHTED">
            <value>
                <option name="FOREGROUND" value="afb9c3"/>
                <option name="BACKGROUND" value="3b3b3b"/>
            </value>
        </option>
        <option name="INSTANCE_FIELD_ATTRIBUTES" baseAttributes="DEFAULT_INSTANCE_FIELD"/>
        <option name="INTERFACE_NAME_ATTRIBUTES">
            <value/>
        </option>
        <option name="IVAR">
            <value>
                <option name="FOREGROUND" value="dd6677"/>
            </value>
        </option>
        <option name="JADE_TAG_CLASS">
            <value>
                <option name="FOREGROUND" value="ffc86e"/>
            </value>
        </option>
        <option name="JADE_TAG_ID">
            <value>
                <option name="FOREGROUND" value="61afe1"/>
            </value>
        </option>
        <option name="JAVA_STRING">
            <value>
                <option name="FOREGROUND" value="96be78"/>
            </value>
        </option>
        <option name="JS.ASYNC_AWAIT">
            <value/>
        </option>
        <option name="JS.ATTRIBUTE">
            <value>
                <option name="BACKGROUND" value="423535"/>
            </value>
        </option>
        <option name="JS.CONSTRUCTOR">
            <value/>
        </option>
        <option name="JS.GET_SET">
            <value/>
        </option>
        <option name="JS.GLOBAL_FUNCTION" baseAttributes="DEFAULT_FUNCTION_DECLARATION"/>
        <option name="JS.GLOBAL_VARIABLE">
            <value>
                <option name="FOREGROUND" value="7878ff"/>
                <option name="FONT_TYPE" value="3"/>
            </value>
        </option>
        <option name="JS.INLINE">
            <value/>
        </option>
        <option name="JS.INSTANCE_MEMBER_FUNCTION" baseAttributes="DEFAULT_INSTANCE_METHOD"/>
        <option name="JS.LOCAL_VARIABLE" baseAttributes="DEFAULT_LOCAL_VARIABLE"/>
        <option name="JS.MODULE_NAME">
            <value>
                <option name="FOREGROUND" value="ffc86e"/>
            </value>
        </option>
        <option name="JS.PARAMETER" baseAttributes="DEFAULT_PARAMETER"/>
        <option name="JS.REGEXP">
            <value>
                <option name="FOREGROUND" value="50b4be"/>
            </value>
        </option>
        <option name="JSON.PROPERTY_KEY">
            <value>
                <option name="FOREGROUND" value="ff9696"/>
            </value>
        </option>
        <option name="JSP_DIRECTIVE_NAME">
            <value>
                <option name="FOREGROUND" value="c88cdc"/>
            </value>
        </option>
        <option name="JUPYTER_SELECTED_CELL">
            <value>
                <option name="FOREGROUND" value="61afe1"/>
            </value>
        </option>
        <option name="KOTLIN_ABSTRACT_CLASS">
            <value>
                <option name="FOREGROUND" value="ffc86e"/>
                <option name="FONT_TYPE" value="2"/>
            </value>
        </option>
        <option name="KOTLIN_BACKING_FIELD_VARIABLE">
            <value/>
        </option>
        <option name="KOTLIN_CLOSURE_DEFAULT_PARAMETER">
            <value>
                <option name="FOREGROUND" value="ffc86e"/>
            </value>
        </option>
        <option name="KOTLIN_DYNAMIC_FUNCTION_CALL">
            <value>
                <option name="FOREGROUND" value="61afe1"/>
                <option name="FONT_TYPE" value="2"/>
            </value>
        </option>
        <option name="KOTLIN_DYNAMIC_PROPERTY_CALL">
            <value>
                <option name="FOREGROUND" value="ff9696"/>
                <option name="FONT_TYPE" value="2"/>
            </value>
        </option>
        <option name="KOTLIN_ENUM_ENTRY">
            <value>
                <option name="FOREGROUND" value="ffc86e"/>
            </value>
        </option>
        <option name="KOTLIN_FUNCTION_LITERAL_BRACES_AND_ARROW">
            <value/>
        </option>
        <option name="KOTLIN_LABEL" baseAttributes="DEFAULT_LABEL"/>
        <option name="KOTLIN_MUTABLE_VARIABLE">
            <value>
                <option name="FONT_TYPE" value="2"/>
            </value>
        </option>
        <option name="KOTLIN_NAMED_ARGUMENT">
            <value>
                <option name="FOREGROUND" value="ffc86e"/>
            </value>
        </option>
        <option name="KOTLIN_PACKAGE_FUNCTION_CALL" baseAttributes="DEFAULT_STATIC_METHOD"/>
        <option name="KOTLIN_SMART_CAST_RECEIVER">
            <value/>
        </option>
        <option name="KOTLIN_SMART_CAST_VALUE">
            <value/>
        </option>
        <option name="KOTLIN_SMART_CONSTANT">
            <value/>
        </option>
        <option name="KOTLIN_TYPE_ALIAS">
            <value>
                <option name="FOREGROUND" value="ffc86e"/>
                <option name="FONT_TYPE" value="2"/>
            </value>
        </option>
        <option name="KOTLIN_LABEL" baseAttributes="DEFAULT_LABEL"/>
        <option name="KOTLIN_MUTABLE_VARIABLE">
            <value>
                <option name="FOREGROUND" value="61afe1"/>
            </value>
        </option>
        <option name="KOTLIN_VARIABLE_AS_FUNCTION_LIKE">
            <value>
                <option name="FOREGROUND" value="61afe1"/>
            </value>
        </option>
        <option name="LABEL">
            <value>
                <option name="FOREGROUND" value="c88cdc"/>
            </value>
        </option>
        <option name="LESS_VARIABLE">
            <value/>
        </option>
        <option name="LINE_FULL_COVERAGE">
            <value>
                <option name="FOREGROUND" value="405040"/>
            </value>
        </option>
        <option name="LINE_NONE_COVERAGE">
            <value>
                <option name="FOREGROUND" value="553333"/>
            </value>
        </option>
        <option name="LINE_PARTIAL_COVERAGE">
            <value>
                <option name="FOREGROUND" value="205562"/>
            </value>
        </option>
        <option name="LIVE_TEMPLATE_ATTRIBUTES">
            <value>
                <option name="EFFECT_COLOR" value="dd3962"/>
            </value>
        </option>
        <option name="LOCALE.MSGCTXT_KEYWORD">
            <value>
                <option name="FOREGROUND" value="c88cdc"/>
            </value>
        </option>
        <option name="LOCALE.MSGID_KEYWORD">
            <value>
                <option name="FOREGROUND" value="c88cdc"/>
            </value>
        </option>
        <option name="LOCALE.MSGID_PLURAL_KEYWORD">
            <value>
                <option name="FOREGROUND" value="c88cdc"/>
            </value>
        </option>
        <option name="LOCALE.MSGSTR_KEYWORD">
            <value>
                <option name="FOREGROUND" value="c88cdc"/>
            </value>
        </option>
        <option name="LOCALE.MSGSTR_PLURAL_KEYWORD">
            <value>
                <option name="FOREGROUND" value="c88cdc"/>
            </value>
        </option>
        <option name="List/map to object conversion">
            <value>
                <option name="FOREGROUND" value="61afe1"/>
            </value>
        </option>
        <option name="MACRONAME">
            <value>
                <option name="FOREGROUND" value="61afe1"/>
            </value>
        </option>
        <option name="MAGIC_MEMBER_ACCESS">
            <value>
                <option name="FOREGROUND" value="ffc86e"/>
            </value>
        </option>
        <option name="MAKO.TAG">
            <value>
                <option name="FOREGROUND" value="ffc86e"/>
            </value>
        </option>
        <option name="MARKDOWN_BOLD">
            <value>
                <option name="FONT_TYPE" value="1"/>
            </value>
        </option>
        <option name="MARKDOWN_CODE_SPAN">
            <value>
                <option name="FOREGROUND" value="96be78"/>
            </value>
        </option>
        <option name="MARKDOWN_CODE_SPAN_MARKER">
            <value>
                <option name="FOREGROUND" value="96be78"/>
            </value>
        </option>
        <option name="MARKDOWN_HEADER_LEVEL_1">
            <value>
                <option name="FOREGROUND" value="50b4be"/>
            </value>
        </option>
        <option name="MARKDOWN_HEADER_LEVEL_2">
            <value>
                <option name="FOREGROUND" value="50b4be"/>
            </value>
        </option>
        <option name="MARKDOWN_HEADER_LEVEL_3">
            <value>
                <option name="FOREGROUND" value="50b4be"/>
            </value>
        </option>
        <option name="MARKDOWN_HEADER_LEVEL_4">
            <value>
                <option name="FOREGROUND" value="50b4be"/>
            </value>
        </option>
        <option name="MARKDOWN_HEADER_LEVEL_5">
            <value>
                <option name="FOREGROUND" value="50b4be"/>
            </value>
        </option>
        <option name="MARKDOWN_HEADER_LEVEL_6">
            <value>
                <option name="FOREGROUND" value="50b4be"/>
            </value>
        </option>
        <option name="MARKDOWN_ITALIC">
            <value>
                <option name="FONT_TYPE" value="2"/>
            </value>
        </option>
        <option name="MARKDOWN_LINK_TITLE">
            <value>
                <option name="FOREGROUND" value="96be78"/>
            </value>
        </option>
        <option name="MARKDOWN_TABLE_SEPARATOR">
            <value>
                <option name="FOREGROUND" value="808080"/>
            </value>
        </option>
        <option name="MARKED_FOR_REMOVAL_ATTRIBUTES">
            <value>
                <option name="EFFECT_COLOR" value="dd3962"/>
                <option name="EFFECT_TYPE" value="3"/>
            </value>
        </option>
        <option name="MATCHED_BRACE_ATTRIBUTES">
            <value>
                <option name="BACKGROUND" value="50555f"/>
            </value>
        </option>
        <option name="MESSAGE_ARGUMENT">
            <value>
                <option name="FOREGROUND" value="61afe1"/>
            </value>
        </option>
        <option name="MT_DIRECTORIES">
            <value>
                <option name="FOREGROUND" value="afb9c3"/>
                <option name="BACKGROUND" value="1a2426"/>
            </value>
        </option>
        <option name="NG.BANANA_BINDING_ATTR_NAME">
            <value>
                <option name="FOREGROUND" value="ffc86e"/>
            </value>
        </option>
        <option name="NG.EVENT_BINDING_ATTR_NAME">
            <value>
                <option name="FOREGROUND" value="ffc86e"/>
            </value>
        </option>
        <option name="NG.PROPERTY_BINDING_ATTR_NAME">
            <value>
                <option name="FOREGROUND" value="ffc86e"/>
            </value>
        </option>
        <option name="NG.TEMPLATE_BINDINGS_ATTR_NAME">
            <value>
                <option name="FOREGROUND" value="ffc86e"/>
            </value>
        </option>
        <option name="NOT_USED_ELEMENT_ATTRIBUTES">
            <value>
                <option name="FOREGROUND" value="808080"/>
            </value>
        </option>
        <option name="OC.CLASS_REFERENCE">
            <value>
                <option name="FOREGROUND" value="ffc86e"/>
            </value>
        </option>
        <option name="OC.CONDITIONALLY_NOT_COMPILED">
            <value>
                <option name="FOREGROUND" value="808080"/>
            </value>
        </option>
        <option name="OC.CPP_KEYWORD">
            <value>
                <option name="FOREGROUND" value="c88cdc"/>
            </value>
        </option>
        <option name="OC.DIRECTIVE">
            <value>
                <option name="FOREGROUND" value="c88cdc"/>
            </value>
        </option>
        <option name="OC.LABEL">
            <value>
                <option name="FOREGROUND" value="afb9c3"/>
                <option name="FONT_TYPE" value="1"/>
            </value>
        </option>
        <option name="OC.MACRONAME">
            <value>
                <option name="FOREGROUND" value="ff9696"/>
            </value>
        </option>
        <option name="OC.MACRO_PARAMETER">
            <value>
                <option name="FOREGROUND" value="ffc86e"/>
            </value>
        </option>
        <option name="OC.OVERLOADED_OPERATOR">
            <value/>
        </option>
        <option name="OC.PROPERTY">
            <value>
                <option name="FOREGROUND" value="ff9696"/>
            </value>
        </option>
        <option name="OC.PROPERTY_ATTRIBUTE">
            <value>
                <option name="FOREGROUND" value="ffc86e"/>
            </value>
        </option>
        <option name="OC.PROTOCOL_REFERENCE">
            <value>
                <option name="FOREGROUND" value="ffc86e"/>
            </value>
        </option>
        <option name="OC.STRUCT_FIELD">
            <value>
                <option name="FOREGROUND" value="ff9696"/>
            </value>
        </option>
        <option name="OC.STRUCT_LIKE">
            <value>
                <option name="FOREGROUND" value="ffc86e"/>
            </value>
        </option>
        <option name="OC.TYPEDEF">
            <value>
                <option name="FOREGROUND" value="ffc86e"/>
            </value>
        </option>
        <option name="OC_FORMAT_TOKEN">
            <value>
                <option name="FOREGROUND" value="96be78"/>
            </value>
        </option>
        <option name="PHP_ALIAS_REFERENCE">
            <value>
                <option name="FOREGROUND" value="ffc86e"/>
                <option name="FONT_TYPE" value="2"/>
            </value>
        </option>
        <option name="PHP_HEREDOC_ID">
            <value>
                <option name="FOREGROUND" value="c88cdc"/>
            </value>
        </option>
        <option name="PHP_SCRIPTING_BACKGROUND">
            <value/>
        </option>
        <option name="PROPERTIES.INVALID_STRING_ESCAPE" baseAttributes="DEFAULT_INVALID_STRING_ESCAPE"/>
        <option name="PROPERTIES.KEY">
            <value>
                <option name="FOREGROUND" value="ffc86e"/>
            </value>
        </option>
        <option name="PROPERTIES.KEY_VALUE_SEPARATOR" baseAttributes="DEFAULT_OPERATION_SIGN"/>
        <option name="PROPERTIES.VALID_STRING_ESCAPE" baseAttributes="DEFAULT_VALID_STRING_ESCAPE"/>
        <option name="PROTOCOL_REFERENCE">
            <value>
                <option name="FOREGROUND" value="ffc86e"/>
            </value>
        </option>
        <option name="PUPPET_CLASS">
            <value>
                <option name="FOREGROUND" value="ffc86e"/>
            </value>
        </option>
        <option name="PUPPET_HEREDOC_TAGS">
            <value>
                <option name="FOREGROUND" value="96be78"/>
            </value>
        </option>
        <option name="PUPPET_REGEX">
            <value>
                <option name="FOREGROUND" value="50b4be"/>
            </value>
        </option>
        <option name="PUPPET_VARIABLE">
            <value/>
        </option>
        <option name="PY.ANNOTATION">
            <value>
                <option name="FOREGROUND" value="ffc86e"/>
            </value>
        </option>
        <option name="PY.KEYWORD_ARGUMENT">
            <value>
                <option name="FOREGROUND" value="ff9696"/>
            </value>
        </option>
        <option name="PY.BUILTIN_NAME">
            <value>
                <option name="FOREGROUND" value="ffc86e"/>
            </value>
        </option>
        <option name="PY.DECORATOR">
            <value>
                <option name="FOREGROUND" value="ffc86e"/>
            </value>
        </option>
        <option name="PY.PREDEFINED_DEFINITION">
            <value>
                <option name="FOREGROUND" value="61afe1"/>
            </value>
        </option>
        <option name="PY.PREDEFINED_USAGE">
            <value>
                <option name="FOREGROUND" value="ff9696"/>
            </value>
        </option>
        <option name="PY.SELF_PARAMETER">
            <value>
                <option name="FOREGROUND" value="c88cdc"/>
            </value>
        </option>
        <option name="PY.STRING">
            <value>
                <option name="FOREGROUND" value="96be78"/>
            </value>
        </option>
        <option name="RDOC_DIRECTIVE">
            <value>
                <option name="FOREGROUND" value="50b4be"/>
            </value>
        </option>
        <option name="RDOC_EMAIL">
            <value>
                <option name="FOREGROUND" value="c88cdc"/>
            </value>
        </option>
        <option name="RDOC_HEADINGS">
            <value>
                <option name="FOREGROUND" value="50b4be"/>
            </value>
        </option>
        <option name="RDOC_IDENTIFIER">
            <value>
                <option name="FOREGROUND" value="ff9696"/>
            </value>
        </option>
        <option name="RDOC_KEYWORD">
            <value>
                <option name="FOREGROUND" value="c88cdc"/>
            </value>
        </option>
        <option name="RDOC_URL">
            <value>
                <option name="FOREGROUND" value="61afe1"/>
            </value>
        </option>
        <option name="REGEXP.BRACES">
            <value>
                <option name="FOREGROUND" value="ffc86e"/>
            </value>
        </option>
        <option name="REGEXP.BRACKETS">
            <value>
                <option name="FOREGROUND" value="ffc86e"/>
            </value>
        </option>
        <option name="REGEXP.CHAR_CLASS">
            <value>
                <option name="FOREGROUND" value="50b4be"/>
            </value>
        </option>
        <option name="REGEXP.ESC_CHARACTER" baseAttributes="DEFAULT_VALID_STRING_ESCAPE"/>
        <option name="REGEXP.META">
            <value>
                <option name="FOREGROUND" value="c88cdc"/>
            </value>
        </option>
        <option name="REGEXP.PARENTHS">
            <value>
                <option name="FOREGROUND" value="50b4be"/>
            </value>
        </option>
        <option name="REGEXP.QUOTE_CHARACTER" baseAttributes="DEFAULT_VALID_STRING_ESCAPE"/>
        <option name="REGEXP.REDUNDANT_ESCAPE" baseAttributes="DEFAULT_VALID_STRING_ESCAPE"/>
        <option name="REST.EXPLICIT">
            <value>
                <option name="FOREGROUND" value="c88cdc"/>
            </value>
        </option>
        <option name="REST.FIELD">
            <value>
                <option name="FOREGROUND" value="c88cdc"/>
            </value>
        </option>
        <option name="REST.FIXED">
            <value>
                <option name="BACKGROUND" value="1a2426"/>
            </value>
        </option>
        <option name="REST.INTERPRETED">
            <value>
                <option name="BACKGROUND" value="3c4b33"/>
            </value>
        </option>
        <option name="REST.SECTION.HEADER">
            <value>
                <option name="FOREGROUND" value="50b4be"/>
            </value>
        </option>
        <option name="RHTML_EXPRESSION_END_ID">
            <value>
                <option name="FOREGROUND" value="ffc86e"/>
            </value>
        </option>
        <option name="RHTML_EXPRESSION_START_ID">
            <value>
                <option name="FOREGROUND" value="ffc86e"/>
            </value>
        </option>
        <option name="RHTML_OMIT_NEW_LINE_ID">
            <value>
                <option name="FOREGROUND" value="ffc86e"/>
            </value>
        </option>
        <option name="RHTML_SCRIPTING_BACKGROUND_ID">
            <value/>
        </option>
        <option name="RHTML_SCRIPTLET_END_ID">
            <value>
                <option name="FOREGROUND" value="ffc86e"/>
            </value>
        </option>
        <option name="RHTML_SCRIPTLET_START_ID">
            <value>
                <option name="FOREGROUND" value="ffc86e"/>
            </value>
        </option>
        <option name="RUBY_HEREDOC_CONTENT">
            <value>
                <option name="FOREGROUND" value="96be78"/>
            </value>
        </option>
        <option name="RUBY_HEREDOC_ID">
            <value>
                <option name="FOREGROUND" value="c88cdc"/>
            </value>
        </option>
        <option name="RUBY_NTH_REF">
            <value>
                <option name="FOREGROUND" value="ffc86e"/>
            </value>
        </option>
        <option name="RUBY_REGEXP">
            <value>
                <option name="FOREGROUND" value="50b4be"/>
            </value>
        </option>
        <option name="RUBY_BAD_CHARACTER" baseAttributes="BAD_CHARACTER"/>
        <option name="RUBY_COMMENT" baseAttributes="DEFAULT_DOC_COMMENT"/>
        <option name="RUBY_CONSTANT" baseAttributes="DEFAULT_CONSTANT"/>
        <option name="RUBY_CONSTANT_DECLARATION" baseAttributes="DEFAULT_CONSTANT"/>
        <option name="RUBY_ESCAPE_SEQUENCE" baseAttributes="DEFAULT_VALID_STRING_ESCAPE"/>
        <option name="RUBY_GVAR" baseAttributes="DEFAULT_GLOBAL_VARIABLE"/>
        <option name="RUBY_INVALID_ESCAPE_SEQUENCE" baseAttributes="DEFAULT_INVALID_STRING_ESCAPE"/>
        <option name="RUBY_LINE_CONTINUATION" baseAttributes="DEFAULT_COMMA"/>
        <option name="RUBY_LOCAL_VAR_ID" baseAttributes="DEFAULT_LOCAL_VARIABLE"/>
        <option name="RUBY_METHOD_NAME" baseAttributes="DEFAULT_INSTANCE_METHOD"/>
        <option name="RUBY_NUMBER" baseAttributes="DEFAULT_NUMBER"/>
        <option name="RUBY_PARAMDEF_CALL" baseAttributes="DEFAULT_STATIC_METHOD"/>
        <option name="RUBY_PARAMETER_ID" baseAttributes="DEFAULT_PARAMETER"/>
        <option name="RUBY_SPECIFIC_CALL" baseAttributes="DEFAULT_STATIC_METHOD"/>
        <option name="RUBY_SYMBOL" baseAttributes="DEFAULT_INSTANCE_FIELD"/>
        <option name="RUBY_WORDS" baseAttributes="DEFAULT_STRING"/>
        <option name="RUNTIME_ERROR">
            <value>
                <option name="EFFECT_COLOR" value="e88c00"/>
                <option name="ERROR_STRIPE_COLOR" value="dd3962"/>
                <option name="EFFECT_TYPE" value="5"/>
            </value>
        </option>
        <option name="SASS_COMMENT" baseAttributes=""/>
        <option name="SASS_MIXIN">
            <value>
                <option name="FOREGROUND" value="ffc86e"/>
            </value>
        </option>
        <option name="SASS_VARIABLE">
            <value/>
        </option>
        <option name="SEARCH_RESULT_ATTRIBUTES">
            <value>
                <option name="BACKGROUND" value="3c5082"/>
                <option name="EFFECT_COLOR" value="55a5ff"/>
            </value>
        </option>
        <option name="SQL_OUTER_QUERY_COLUMN" baseAttributes="SQL_COLUMN"/>
        <option name="SQL_SYNTHETIC_ENTITY" baseAttributes="DEFAULT_PREDEFINED_SYMBOL"/>
        <option name="STATIC_METHOD_ATTRIBUTES" baseAttributes="DEFAULT_STATIC_METHOD"/>
        <option name="STATIC_FIELD_ATTRIBUTES" baseAttributes="DEFAULT_STATIC_FIELD"/>
        <option name="STATIC_FINAL_FIELD_ATTRIBUTES" baseAttributes="STATIC_FIELD_ATTRIBUTES"/>
        <option name="STATIC_METHOD_IMPORTED_ATTRIBUTES">
            <value>
                <option name="FOREGROUND" value="61afe1"/>
            </value>
        </option>
        <option name="STYLUS_VARIABLE">
            <value/>
        </option>
        <option name="SUGGESTION">
            <value>
                <option name="EFFECT_COLOR" value="61afe1"/>
                <option name="EFFECT_TYPE" value="2"/>
            </value>
        </option>
        <option name="SWIFT_ATTRIBUTE_ARGUMENT">
            <value>
                <option name="FOREGROUND" value="ffc86e"/>
            </value>
        </option>
        <option name="SWIFT_EXTERNAL_PARAMETER">
            <value>
                <option name="FOREGROUND" value="50b4be"/>
            </value>
        </option>
        <option name="SWIFT_SHEBANG_COMMENT">
            <value>
                <option name="FOREGROUND" value="808080"/>
                <option name="FONT_TYPE" value="1"/>
            </value>
        </option>
        <option name="Static method access" baseAttributes=""/>
        <option name="TEMPLATE_VARIABLE_ATTRIBUTES">
            <value>
                <option name="FOREGROUND" value="ffc86e"/>
            </value>
        </option>
        <option name="TEXT">
            <value>
                <option name="FOREGROUND" value="afb9c3"/>
                <option name="BACKGROUND" value="1a2426"/>
            </value>
        </option>
        <option name="TEXT_SEARCH_RESULT_ATTRIBUTES">
            <value>
                <option name="BACKGROUND" value="3c5082"/>
                <option name="ERROR_STRIPE_COLOR" value="55a5ff"/>
            </value>
        </option>
        <option name="TODO_DEFAULT_ATTRIBUTES">
            <value>
                <option name="FOREGROUND" value="e88c00"/>
            </value>
        </option>
        <option name="TS.KEYWORD" baseAttributes="DEFAULT_KEYWORD"/>
        <option name="TS.MODULE_NAME">
            <value>
                <option name="FOREGROUND" value="ffc86e"/>
            </value>
        </option>
        <option name="TS.TYPE_PARAMETER">
            <value>
                <option name="FOREGROUND" value="ffc86e"/>
            </value>
        </option>
        <option name="TYPEDEF">
            <value>
                <option name="FOREGROUND" value="c88cdc"/>
            </value>
        </option>
        <option name="TYPE_PARAMETER_NAME_ATTRIBUTES">
            <value>
                <option name="FOREGROUND" value="ffc86e"/>
            </value>
        </option>
        <option name="TYPO">
            <value>
                <option name="EFFECT_COLOR" value="96be78"/>
                <option name="EFFECT_TYPE" value="2"/>
            </value>
        </option>
        <option name="UNMATCHED_BRACE_ATTRIBUTES">
            <value>
                <option name="BACKGROUND" value="652020"/>
            </value>
        </option>
        <option name="Unresolved reference access">
            <value>
                <option name="EFFECT_COLOR" value="dd3962"/>
                <option name="EFFECT_TYPE" value="2"/>
            </value>
        </option>
        <option name="VELOCITY_SCRIPTING_BACKGROUND" baseAttributes="JSP_SCRIPTING_BACKGROUND"/>
        <option name="WARNING_ATTRIBUTES">
            <value>
                <option name="EFFECT_COLOR" value="e88c00"/>
                <option name="ERROR_STRIPE_COLOR" value="e88c00"/>
                <option name="EFFECT_TYPE" value="2"/>
            </value>
        </option>
        <option name="WRITE_IDENTIFIER_UNDER_CARET_ATTRIBUTES">
            <value>
                <option name="BACKGROUND" value="373c41"/>
            </value>
        </option>
        <option name="WRITE_SEARCH_RESULT_ATTRIBUTES">
            <value>
                <option name="BACKGROUND" value="3c5082"/>
            </value>
        </option>
        <option name="WRONG_REFERENCES_ATTRIBUTES">
            <value>
                <option name="EFFECT_COLOR" value="dd3962"/>
                <option name="ERROR_STRIPE_COLOR" value="dd3962"/>
                <option name="EFFECT_TYPE" value="2"/>
            </value>
        </option>
        <option name="XML_ATTRIBUTE_NAME" baseAttributes="DEFAULT_ATTRIBUTE"/>
        <option name="XML_CUSTOM_TAG_NAME" baseAttributes="XML_TAG_NAME"/>
        <option name="XML_ENTITY_REFERENCE" baseAttributes="DEFAULT_ENTITY"/>
        <option name="XML_NS_PREFIX">
            <value>
                <option name="FOREGROUND" value="ffc86e"/>
            </value>
        </option>
        <option name="XML_PROLOGUE">
            <value/>
        </option>
        <option name="XML_TAG" baseAttributes="DEFAULT_TAG"/>
        <option name="XML_TAG_NAME">
            <value>
                <option name="FOREGROUND" value="ff9696"/>
            </value>
        </option>
        <option name="XPATH.KEYWORD" baseAttributes=""/>
        <option name="XPATH.XPATH_NAME">
            <value>
                <option name="FOREGROUND" value="96be78"/>
            </value>
        </option>
        <option name="XPATH.XPATH_VARIABLE" baseAttributes=""/>
        <option name="YAML_ANCHOR">
            <value>
                <option name="FOREGROUND" value="ffc86e"/>
            </value>
        </option>
        <option name="YAML_SCALAR_KEY">
            <value>
                <option name="FOREGROUND" value="ff9696"/>
            </value>
        </option>
        <option name="YAML_SCALAR_LIST">
            <value>
                <option name="FOREGROUND" value="96be78"/>
            </value>
        </option>
        <option name="YAML_SCALAR_VALUE">
            <value>
                <option name="FOREGROUND" value="96be78"/>
            </value>
        </option>
        <option name="YAML_TEXT">
            <value>
                <option name="FOREGROUND" value="96be78"/>
            </value>
        </option>
        <option name="org.rust.DOC_LINK">
            <value>
                <option name="FOREGROUND" value="61afe1"/>
            </value>
        </option>
        <option name="org.rust.ENUM_VARIANT">
            <value>
                <option name="FOREGROUND" value="ffc86e"/>
            </value>
        </option>
        <option name="org.rust.LIFETIME">
            <value>
                <option name="FOREGROUND" value="50b4be"/>
            </value>
        </option>
        <option name="org.rust.MACRO">
            <value>
                <option name="FOREGROUND" value="61afe1"/>
            </value>
        </option>
        <option name="org.rust.PRIMITIVE_TYPE">
            <value>
                <option name="FOREGROUND" value="ffc86e"/>
            </value>
        </option>
        <option name="org.rust.Q_OPERATOR">
            <value/>
        </option>
        <option name="org.rust.TYPE_ALIAS">
            <value>
                <option name="FOREGROUND" value="ffc86e"/>
                <option name="FONT_TYPE" value="2"/>
            </value>
        </option>
        <option name="org.rust.TYPE_PARAMETER">
            <value>
                <option name="FOREGROUND" value="ffc86e"/>
            </value>
        </option>
        <option name="org.rust.UNSAFE_CODE">
            <value/>
        </option>
    </attributes>
</scheme>
